{
    "rmse": 0.8618234206400203,
    "mae": 0.6786535176898731,
    "r2": 0.06264033312208095
}